{"cameraMode":{"drawMode":0,"name":"Shaded","section":"Shading Mode"},"sceneLighting":true,"audioPlay":false,"sceneViewState":{"m_AlwaysRefresh":false,"showFog":true,"showSkybox":true,"showFlares":true,"showImageEffects":true,"showParticleSystems":true,"showVisualEffectGraphs":true,"m_FxEnabled":true},"in2DMode":false,"pivot":{"x":1.5410070419311524,"y":-0.010244369506835938,"z":-1.0948119163513184},"rotation":{"x":0.17787513136863709,"y":0.006445023696869612,"z":-0.0012009668862447143,"w":0.9841286540031433},"size":4.205743312835693,"orthographic":false}