{"cameraMode":{"drawMode":0,"name":"Shaded","section":"Shading Mode"},"sceneLighting":false,"audioPlay":false,"sceneViewState":{"m_AlwaysRefresh":false,"showFog":false,"showSkybox":false,"showFlares":false,"showImageEffects":false,"showParticleSystems":false,"showVisualEffectGraphs":true,"m_FxEnabled":true},"in2DMode":false,"pivot":{"x":-0.5297635793685913,"y":0.22290432453155518,"z":-2.9895248413085939},"rotation":{"x":-0.028610292822122575,"y":0.971858561038971,"z":-0.18875698745250703,"w":-0.13981285691261292},"size":2.4887843132019045,"orthographic":false}